Cluster,Calories,Total Fat (g),Trans Fat (g),Saturated Fat (g),Sodium (mg),Total Carbohydrates (g),Cholesterol (mg),Dietary Fibre (g),Sugars (g),Protein (g),Caffeine (mg),Cluster
0,280.1666666666667,5.925,2.8633333333333337,0.09000000000000001,14.583333333333334,165.08333333333334,45.95,1.8833333333333333,39.6,13.533333333333333,97.06735159817352,0.0
1,124.72661870503597,1.5971223021582734,0.5402877697841726,0.01654676258992806,3.381294964028777,80.79136690647482,23.093525179856115,0.3381294964028777,21.489208633093526,4.732374100719424,85.79087414999506,1.0
2,296.9767441860465,2.9119047619047618,1.6139534883720932,0.03255813953488373,4.534883720930233,233.8372093023256,63.7906976744186,0.813953488372093,60.7906976744186,5.093023255813954,91.04651162790698,2.0
